{
  "name": "paper-toggle-button",
  "version": "1.2.0",
  "description": "A material design toggle button control",
  "authors": [
    "The Polymer Authors"
  ],
  "keywords": [
    "web-components",
    "polymer",
    "toggle",
    "control"
  ],
  "private": true,
  "repository": {
    "type": "git",
    "url": "git://github.com/PolymerElements/paper-toggle-button"
  },
  "license": "http://polymer.github.io/LICENSE.txt",
  "homepage": "https://github.com/PolymerElements/paper-toggle-button",
  "ignore": [],
  "dependencies": {
    "polymer": "Polymer/polymer#^1.1.0",
    "iron-checked-element-behavior": "PolymerElements/iron-checked-element-behavior#^1.0.0",
    "paper-behaviors": "PolymerElements/paper-behaviors#^1.0.0",
    "paper-styles": "PolymerElements/paper-styles#^1.1.0"
  },
  "devDependencies": {
    "iron-component-page": "PolymerElements/iron-component-page#^1.0.0",
    "iron-demo-helpers": "PolymerElements/iron-demo-helpers#^1.0.0",
    "iron-flex-layout": "PolymerElements/iron-flex-layout#^1.0.0",
    "iron-test-helpers": "PolymerElements/iron-test-helpers#^1.0.0",
    "test-fixture": "PolymerElements/test-fixture#^1.0.0",
    "web-component-tester": "^4.0.0",
    "webcomponentsjs": "webcomponents/webcomponentsjs#^0.7.0"
  },
  "main": "paper-toggle-button.html",
  "_release": "1.2.0",
  "_resolution": {
    "type": "version",
    "tag": "v1.2.0",
    "commit": "6aab07244c07f9598584e6dbce366574f96072a3"
  },
  "_source": "git://github.com/PolymerElements/paper-toggle-button.git",
  "_target": "^1.0.0",
  "_originalSource": "PolymerElements/paper-toggle-button"
}