{
    "widgetBindings": [
        {
            "widgetId": "ti_widget_led",
            "propertyName": "on",
            "serverBindName": "widget.my_model.light_data7"
        },
        {
            "widgetId": "ti_widget_led1",
            "propertyName": "on",
            "serverBindName": "widget.my_model.light_data6"
        },
        {
            "widgetId": "ti_widget_led2",
            "propertyName": "on",
            "serverBindName": "widget.my_model.light_data5"
        },
        {
            "widgetId": "ti_widget_led3",
            "propertyName": "on",
            "serverBindName": "widget.my_model.light_data4"
        },
        {
            "widgetId": "ti_widget_led4",
            "propertyName": "on",
            "serverBindName": "widget.my_model.light_data3"
        },
        {
            "widgetId": "ti_widget_led5",
            "propertyName": "on",
            "serverBindName": "widget.my_model.light_data2"
        },
        {
            "widgetId": "ti_widget_led6",
            "propertyName": "on",
            "serverBindName": "widget.my_model.light_data1"
        },
        {
            "widgetId": "ti_widget_led7",
            "propertyName": "on",
            "serverBindName": "widget.my_model.light_data0"
        },
        {
            "widgetId": "ti_widget_led8",
            "propertyName": "on",
            "serverBindName": "widget.my_model.bump_data5"
        },
        {
            "widgetId": "ti_widget_led9",
            "propertyName": "on",
            "serverBindName": "widget.my_model.bump_data4"
        },
        {
            "widgetId": "ti_widget_led10",
            "propertyName": "on",
            "serverBindName": "widget.my_model.bump_data3"
        },
        {
            "widgetId": "ti_widget_led11",
            "propertyName": "on",
            "serverBindName": "widget.my_model.bump_data2"
        },
        {
            "widgetId": "ti_widget_led12",
            "propertyName": "on",
            "serverBindName": "widget.my_model.bump_data1"
        },
        {
            "widgetId": "ti_widget_led13",
            "propertyName": "on",
            "serverBindName": "widget.my_model.bump_data0"
        },
        {
            "widgetId": "ti_tile_slider",
            "propertyName": "value",
            "serverBindName": "widget.my_model.left_motor_pwm"
        },
        {
            "widgetId": "ti_tile_slider1",
            "propertyName": "value",
            "serverBindName": "widget.my_model.right_motor_pwm"
        },
        {
            "widgetId": "ti_widget_radio_button",
            "propertyName": "checked",
            "serverBindName": "widget.my_model.left_motor_dir"
        },
        {
            "widgetId": "ti_widget_radio_button1",
            "propertyName": "checked",
            "serverBindName": "widget.my_model.right_motor_dir"
        },
        {
            "widgetId": "ti_widget_numberbox",
            "propertyName": "value",
            "serverBindName": "widget.my_model.gc_left_motor_count"
        },
        {
            "widgetId": "ti_widget_numberbox1",
            "propertyName": "value",
            "serverBindName": "widget.my_model.gc_right_motor_count"
        }
    ]
}